{
  "feature_stats": {
    "ce_pe_imbalance": {
      "FII_BULL": {
        "median": -0.13459404270431038,
        "std": 0.5099241056419023
      },
      "FII_BEAR": {
        "median": 0.10182867650814731,
        "std": 0.48845548401886196
      },
      "DII_MIXED": {
        "median": 0.0012927395525538202,
        "std": 0.5261608411213783
      }
    },
    "strike_coverage": {
      "FII_BULL": {
        "median": 1.0,
        "std": 0.0065582133911123025
      },
      "FII_BEAR": {
        "median": 1.0,
        "std": 0.006008501913890207
      },
      "DII_MIXED": {
        "median": 1.0,
        "std": 0.06791878077397566
      }
    },
    "atm_build_rate": {
      "FII_BULL": {
        "median": 0.5961110133595403,
        "std": 0.10971857059823802
      },
      "FII_BEAR": {
        "median": 0.5780952466095104,
        "std": 0.156684822960387
      },
      "DII_MIXED": {
        "median": 0.617750647078985,
        "std": 0.13534422562627957
      }
    },
    "oi_add_intensity": {
      "FII_BULL": {
        "median": 0.2619667572420402,
        "std": 0.31407100597887677
      },
      "FII_BEAR": {
        "median": 0.2739845579959776,
        "std": 0.38465364126511126
      },
      "DII_MIXED": {
        "median": 0.26266756670109553,
        "std": 0.4116337961812538
      }
    },
    "basis_momentum": {
      "FII_BULL": {
        "median": 0.01664648910349194,
        "std": 0.08282862940704473
      },
      "FII_BEAR": {
        "median": -0.014965464312554876,
        "std": 0.08706552441575714
      },
      "DII_MIXED": {
        "median": 0.0003824676814607211,
        "std": 0.08286127666947449
      }
    },
    "ce_skew_shift": {
      "FII_BULL": {
        "median": -0.8877501623275237,
        "std": 10.37767079305463
      },
      "FII_BEAR": {
        "median": -1.3137961488009497,
        "std": 11.514996044131541
      },
      "DII_MIXED": {
        "median": -1.4871141611401464,
        "std": 10.614935598568886
      }
    },
    "pe_skew_shift": {
      "FII_BULL": {
        "median": -1.5940540164287678,
        "std": 8.980340665858916
      },
      "FII_BEAR": {
        "median": -0.917774723398578,
        "std": 20.817865822853886
      },
      "DII_MIXED": {
        "median": -1.5916218943474176,
        "std": 14.11676124887142
      }
    },
    "fii_cash_context": {
      "FII_BULL": {
        "median": -0.23122050000000005,
        "std": 0.4125567428811119
      },
      "FII_BEAR": {
        "median": -0.20516199999999998,
        "std": 0.34614751583724335
      },
      "DII_MIXED": {
        "median": -0.216687,
        "std": 0.34356836679171393
      }
    }
  },
  "global_pct": {
    "ce_pe_imbalance": {
      "p02": -0.8802205598506342,
      "p10": -0.7118000006371485,
      "p25": -0.4288617148762758,
      "p50": 0.0015346309838863747,
      "p75": 0.4366651955454848,
      "p90": 0.7177265564039348,
      "p98": 0.8902290186633622
    },
    "strike_coverage": {
      "p02": 0.975609756097561,
      "p10": 1.0,
      "p25": 1.0,
      "p50": 1.0,
      "p75": 1.0,
      "p90": 1.0,
      "p98": 1.0
    },
    "atm_build_rate": {
      "p02": 0.26282303855379086,
      "p10": 0.4061003100101437,
      "p25": 0.5047492737691288,
      "p50": 0.6024947540219165,
      "p75": 0.6845168342864627,
      "p90": 0.7506440873243557,
      "p98": 0.8253251722552444
    },
    "oi_add_intensity": {
      "p02": 0.08626326387057802,
      "p10": 0.12464854568974591,
      "p25": 0.17517079873900449,
      "p50": 0.26530139255363305,
      "p75": 0.4428255195945403,
      "p90": 0.7480912136130916,
      "p98": 1.3235457325204778
    },
    "basis_momentum": {
      "p02": -0.19999903605862773,
      "p10": -0.10003476099422169,
      "p25": -0.04608905558963726,
      "p50": 0.0003824676814607211,
      "p75": 0.044946478342599655,
      "p90": 0.0930187236558105,
      "p98": 0.18148199454224115
    },
    "ce_skew_shift": {
      "p02": -30.026573426573425,
      "p10": -12.170035753479329,
      "p25": -5.386841786642129,
      "p50": -1.3189528052029214,
      "p75": 2.2643452527991843,
      "p90": 7.28959861796724,
      "p98": 21.9089396562049
    },
    "pe_skew_shift": {
      "p02": -32.455898960442575,
      "p10": -13.650753202079672,
      "p25": -6.395971257336624,
      "p50": -1.4738594738594737,
      "p75": 2.609502601688146,
      "p90": 8.931543985026956,
      "p98": 25.91804457414673
    },
    "fii_cash_context": {
      "p02": -1.178732,
      "p10": -0.7915715,
      "p25": -0.5694475,
      "p50": -0.207891,
      "p75": 0.024296,
      "p90": 0.10641049999999998,
      "p98": 0.44707399999999997
    }
  },
  "label_centroids": {
    "FII_BULL": {
      "ce_pe_imbalance": -0.13459404270431038,
      "strike_coverage": 1.0,
      "atm_build_rate": 0.5961110133595403,
      "oi_add_intensity": 0.2619667572420402,
      "basis_momentum": 0.01664648910349194,
      "ce_skew_shift": -0.8877501623275237,
      "pe_skew_shift": -1.5940540164287678,
      "fii_cash_context": -0.23122050000000005
    },
    "FII_BEAR": {
      "ce_pe_imbalance": 0.10182867650814731,
      "strike_coverage": 1.0,
      "atm_build_rate": 0.5780952466095104,
      "oi_add_intensity": 0.2739845579959776,
      "basis_momentum": -0.014965464312554876,
      "ce_skew_shift": -1.3137961488009497,
      "pe_skew_shift": -0.917774723398578,
      "fii_cash_context": -0.20516199999999998
    },
    "DII_MIXED": {
      "ce_pe_imbalance": 0.0012927395525538202,
      "strike_coverage": 1.0,
      "atm_build_rate": 0.617750647078985,
      "oi_add_intensity": 0.26266756670109553,
      "basis_momentum": 0.0003824676814607211,
      "ce_skew_shift": -1.4871141611401464,
      "pe_skew_shift": -1.5916218943474176,
      "fii_cash_context": -0.216687
    }
  },
  "feature_names": [
    "ce_pe_imbalance",
    "strike_coverage",
    "atm_build_rate",
    "oi_add_intensity",
    "basis_momentum",
    "ce_skew_shift",
    "pe_skew_shift",
    "fii_cash_context"
  ],
  "training_days": [
    "2025-09-01",
    "2025-09-02",
    "2025-09-03",
    "2025-09-04",
    "2025-09-05",
    "2025-09-08",
    "2025-09-09",
    "2025-09-10",
    "2025-09-11",
    "2025-09-12",
    "2025-09-15",
    "2025-09-16",
    "2025-09-17",
    "2025-09-18",
    "2025-09-19",
    "2025-09-22",
    "2025-09-23",
    "2025-09-24",
    "2025-09-25",
    "2025-09-26",
    "2025-09-29",
    "2025-09-30",
    "2025-10-01",
    "2025-10-03",
    "2025-10-06",
    "2025-10-07",
    "2025-10-08",
    "2025-10-09",
    "2025-10-10",
    "2025-10-13",
    "2025-10-14",
    "2025-10-15",
    "2025-10-16",
    "2025-10-17",
    "2025-10-20",
    "2025-10-21",
    "2025-10-23",
    "2025-10-24",
    "2025-10-27",
    "2025-10-28",
    "2025-10-29",
    "2025-10-30",
    "2025-10-31",
    "2025-11-03",
    "2025-11-04",
    "2025-11-06",
    "2025-11-07",
    "2025-11-10",
    "2025-11-11",
    "2025-11-12",
    "2025-11-13",
    "2025-11-14",
    "2025-11-17",
    "2025-11-18",
    "2025-11-19",
    "2025-11-20",
    "2025-11-21",
    "2025-11-24",
    "2025-11-25",
    "2025-11-26",
    "2025-11-27",
    "2025-11-28",
    "2025-12-01",
    "2025-12-02",
    "2025-12-03",
    "2025-12-04",
    "2025-12-05",
    "2025-12-08",
    "2025-12-09",
    "2025-12-10",
    "2025-12-11",
    "2025-12-12",
    "2025-12-15",
    "2025-12-16",
    "2025-12-17",
    "2025-12-18",
    "2025-12-19",
    "2025-12-22",
    "2025-12-23",
    "2025-12-24",
    "2025-12-26",
    "2025-12-29",
    "2025-12-30",
    "2025-12-31",
    "2026-01-01",
    "2026-01-02",
    "2026-01-05",
    "2026-01-06",
    "2026-01-07",
    "2026-01-08",
    "2026-01-09",
    "2026-01-12",
    "2026-01-13",
    "2026-01-14",
    "2026-01-16",
    "2026-01-19",
    "2026-01-20",
    "2026-01-21",
    "2026-01-22",
    "2026-01-23"
  ],
  "label_counts": {
    "FII_BULL": 8659,
    "FII_BEAR": 10117,
    "DII_MIXED": 16959
  }
}