{
  "feature_stats": {
    "ce_pe_imbalance": {
      "FII_BULL": {
        "median": -0.11426283531984355,
        "std": 0.5114133994912534
      },
      "FII_BEAR": {
        "median": 0.09908828813702539,
        "std": 0.4890058139923749
      },
      "DII_MIXED": {
        "median": 0.0006324875362750204,
        "std": 0.5268420248885272
      }
    },
    "strike_coverage": {
      "FII_BULL": {
        "median": 1.0,
        "std": 0.006410721358007994
      },
      "FII_BEAR": {
        "median": 1.0,
        "std": 0.006078886230508088
      },
      "DII_MIXED": {
        "median": 1.0,
        "std": 0.07014969176019208
      }
    },
    "atm_build_rate": {
      "FII_BULL": {
        "median": 0.5961349361980277,
        "std": 0.11063532234112183
      },
      "FII_BEAR": {
        "median": 0.5839420829341584,
        "std": 0.15717241491723397
      },
      "DII_MIXED": {
        "median": 0.6177973060884959,
        "std": 0.13434556565406294
      }
    },
    "oi_add_intensity": {
      "FII_BULL": {
        "median": 0.26359019555675833,
        "std": 0.32071576262575124
      },
      "FII_BEAR": {
        "median": 0.27650620752993327,
        "std": 0.3893109653220305
      },
      "DII_MIXED": {
        "median": 0.26351909196112855,
        "std": 0.41588007330343446
      }
    },
    "basis_momentum": {
      "FII_BULL": {
        "median": 0.016037941185955,
        "std": 0.08422536796133707
      },
      "FII_BEAR": {
        "median": -0.01474279813637389,
        "std": 0.08685105334107455
      },
      "DII_MIXED": {
        "median": 0.0003820439350323758,
        "std": 0.08094756877623292
      }
    },
    "ce_skew_shift": {
      "FII_BULL": {
        "median": -0.953298814948729,
        "std": 10.62598927661554
      },
      "FII_BEAR": {
        "median": -1.2875688703327248,
        "std": 11.625030015720997
      },
      "DII_MIXED": {
        "median": -1.5075109566706522,
        "std": 10.573396625379836
      }
    },
    "pe_skew_shift": {
      "FII_BULL": {
        "median": -1.6105450658127873,
        "std": 9.084662017476736
      },
      "FII_BEAR": {
        "median": -1.0118400641757317,
        "std": 21.092511021020456
      },
      "DII_MIXED": {
        "median": -1.5968259230171171,
        "std": 11.460074551452534
      }
    },
    "fii_cash_context": {
      "FII_BULL": {
        "median": -0.1139685,
        "std": 0.3356486753995125
      },
      "FII_BEAR": {
        "median": -0.20516199999999998,
        "std": 0.3275349556160133
      },
      "DII_MIXED": {
        "median": -0.216687,
        "std": 0.319052962428169
      }
    },
    "roc5_dii_net": {
      "FII_BULL": {
        "median": 4974.0,
        "std": 119492.06102926702
      },
      "FII_BEAR": {
        "median": -40761.0,
        "std": 117078.30310277294
      },
      "DII_MIXED": {
        "median": -42573.0,
        "std": 103049.53357685207
      }
    },
    "roc5_usdinr": {
      "FII_BULL": {
        "median": 0.05749999999999034,
        "std": 0.43319859669101124
      },
      "FII_BEAR": {
        "median": 0.36249999999999716,
        "std": 0.6347241912848391
      },
      "DII_MIXED": {
        "median": 0.09250000000000114,
        "std": 0.49131977231570934
      }
    },
    "roc5_fii_ni_fut": {
      "FII_BULL": {
        "median": -223.33000000000015,
        "std": 2263.0412997312833
      },
      "FII_BEAR": {
        "median": 438.85,
        "std": 2183.564815619796
      },
      "DII_MIXED": {
        "median": 295.9200000000001,
        "std": 1821.4489515957994
      }
    }
  },
  "global_pct": {
    "ce_pe_imbalance": {
      "p02": -0.8799922540100132,
      "p10": -0.7098966167279307,
      "p25": -0.426916077238666,
      "p50": 0.005600704007846739,
      "p75": 0.43885991177814115,
      "p90": 0.7197587513024108,
      "p98": 0.8892313423325585
    },
    "strike_coverage": {
      "p02": 0.975609756097561,
      "p10": 1.0,
      "p25": 1.0,
      "p50": 1.0,
      "p75": 1.0,
      "p90": 1.0,
      "p98": 1.0
    },
    "atm_build_rate": {
      "p02": 0.2617700228793583,
      "p10": 0.4077541491318509,
      "p25": 0.5062613815188263,
      "p50": 0.60369448503231,
      "p75": 0.685134080338315,
      "p90": 0.7510468039814456,
      "p98": 0.825808614701231
    },
    "oi_add_intensity": {
      "p02": 0.08598210077109533,
      "p10": 0.12456790186381851,
      "p25": 0.17578754731521132,
      "p50": 0.26731559620062595,
      "p75": 0.44446555727095455,
      "p90": 0.7498946667464967,
      "p98": 1.3287545331530517
    },
    "basis_momentum": {
      "p02": -0.1993717738770657,
      "p10": -0.09930045337666951,
      "p25": -0.04602316255535551,
      "p50": 0.0,
      "p75": 0.044171580478817765,
      "p90": 0.09234982103538207,
      "p98": 0.18145596089862584
    },
    "ce_skew_shift": {
      "p02": -30.013419913419913,
      "p10": -12.30791736452002,
      "p25": -5.398608703424454,
      "p50": -1.3438032993187223,
      "p75": 2.2205461256809205,
      "p90": 7.377076361035602,
      "p98": 21.981538670125357
    },
    "pe_skew_shift": {
      "p02": -32.27040079700774,
      "p10": -13.574989884353263,
      "p25": -6.313495489510236,
      "p50": -1.4928894476890633,
      "p75": 2.500753079438289,
      "p90": 8.642943268444762,
      "p98": 25.82146359654681
    },
    "fii_cash_context": {
      "p02": -0.8541635000000001,
      "p10": -0.7154685000000001,
      "p25": -0.505591,
      "p50": -0.195919,
      "p75": 0.0277995,
      "p90": 0.10641049999999998,
      "p98": 0.44707399999999997
    },
    "roc5_dii_net": {
      "p02": -269242.0,
      "p10": -172996.0,
      "p25": -126149.0,
      "p50": -35942.0,
      "p75": 22548.0,
      "p90": 112883.0,
      "p98": 199983.0
    },
    "roc5_usdinr": {
      "p02": -1.177500000000009,
      "p10": -0.5,
      "p25": -0.07750000000000057,
      "p50": 0.08500000000000796,
      "p75": 0.4783999999999935,
      "p90": 0.7998999999999938,
      "p98": 1.375
    },
    "roc5_fii_ni_fut": {
      "p02": -5467.04,
      "p10": -2799.34,
      "p25": -1094.510000000001,
      "p50": 182.16000000000008,
      "p75": 1367.67,
      "p90": 2201.210000000001,
      "p98": 4657.259999999999
    }
  },
  "label_centroids": {
    "FII_BULL": {
      "ce_pe_imbalance": -0.11426283531984355,
      "strike_coverage": 1.0,
      "atm_build_rate": 0.5961349361980277,
      "oi_add_intensity": 0.26359019555675833,
      "basis_momentum": 0.016037941185955,
      "ce_skew_shift": -0.953298814948729,
      "pe_skew_shift": -1.6105450658127873,
      "fii_cash_context": -0.1139685,
      "roc5_dii_net": 4974.0,
      "roc5_usdinr": 0.05749999999999034,
      "roc5_fii_ni_fut": -223.33000000000015
    },
    "FII_BEAR": {
      "ce_pe_imbalance": 0.09908828813702539,
      "strike_coverage": 1.0,
      "atm_build_rate": 0.5839420829341584,
      "oi_add_intensity": 0.27650620752993327,
      "basis_momentum": -0.01474279813637389,
      "ce_skew_shift": -1.2875688703327248,
      "pe_skew_shift": -1.0118400641757317,
      "fii_cash_context": -0.20516199999999998,
      "roc5_dii_net": -40761.0,
      "roc5_usdinr": 0.36249999999999716,
      "roc5_fii_ni_fut": 438.85
    },
    "DII_MIXED": {
      "ce_pe_imbalance": 0.0006324875362750204,
      "strike_coverage": 1.0,
      "atm_build_rate": 0.6177973060884959,
      "oi_add_intensity": 0.26351909196112855,
      "basis_momentum": 0.0003820439350323758,
      "ce_skew_shift": -1.5075109566706522,
      "pe_skew_shift": -1.5968259230171171,
      "fii_cash_context": -0.216687,
      "roc5_dii_net": -42573.0,
      "roc5_usdinr": 0.09250000000000114,
      "roc5_fii_ni_fut": 295.9200000000001
    }
  },