{
  "feature_stats": {
    "ce_pe_imbalance": {
      "FII_BULL": {
        "median": -0.13869029275808936,
        "std": 0.5168456394412431
      },
      "FII_BEAR": {
        "median": 0.09814057273619597,
        "std": 0.4966680811666857
      },
      "DII_MIXED": {
        "median": -0.017228562303545636,
        "std": 0.5211262864141506
      }
    },
    "strike_coverage": {
      "FII_BULL": {
        "median": 1.0,
        "std": 0.004823976331493726
      },
      "FII_BEAR": {
        "median": 1.0,
        "std": 0.005738971556078793
      },
      "DII_MIXED": {
        "median": 1.0,
        "std": 0.0751191205157584
      }
    },
    "atm_build_rate": {
      "FII_BULL": {
        "median": 0.5987110202105025,
        "std": 0.11121986891217998
      },
      "FII_BEAR": {
        "median": 0.5710605833371095,
        "std": 0.15350531752627325
      },
      "DII_MIXED": {
        "median": 0.6206631998329848,
        "std": 0.13431820835846583
      }
    },
    "oi_add_intensity": {
      "FII_BULL": {
        "median": 0.2602538453619757,
        "std": 0.3234125709552187
      },
      "FII_BEAR": {
        "median": 0.2851530512475924,
        "std": 0.35601707884553996
      },
      "DII_MIXED": {
        "median": 0.25996556284619277,
        "std": 0.3973471402761848
      }
    },
    "basis_momentum": {
      "FII_BULL": {
        "median": 0.01725592453342833,
        "std": 0.08216144140751853
      },
      "FII_BEAR": {
        "median": -0.01479548533325803,
        "std": 0.0861345138770596
      },
      "DII_MIXED": {
        "median": 0.0012027928871596273,
        "std": 0.07661662987870436
      }
    },
    "ce_skew_shift": {
      "FII_BULL": {
        "median": -0.8886231435829324,
        "std": 10.626331266063787
      },
      "FII_BEAR": {
        "median": -1.4396537737777395,
        "std": 10.721136646149331
      },
      "DII_MIXED": {
        "median": -1.3447602788182627,
        "std": 9.802722280763726
      }
    },
    "pe_skew_shift": {
      "FII_BULL": {
        "median": -1.6153512336127596,
        "std": 9.092128842922731
      },
      "FII_BEAR": {
        "median": -1.21911592916201,
        "std": 15.366236589601144
      },
      "DII_MIXED": {
        "median": -1.4934877696842008,
        "std": 14.2198735041817
      }
    },
    "fii_cash_context": {
      "FII_BULL": {
        "median": -0.06947300000000001,
        "std": 0.4201105358713382
      },
      "FII_BEAR": {
        "median": -0.195919,
        "std": 0.36165167660881686
      },
      "DII_MIXED": {
        "median": -0.08377025000000002,
        "std": 0.3308909769888881
      }
    }
  },
  "global_pct": {
    "ce_pe_imbalance": {
      "p02": -0.881046658259773,
      "p10": -0.7173273075051433,
      "p25": -0.4440048460985121,
      "p50": -0.012940189092902165,
      "p75": 0.4286636674164792,
      "p90": 0.7164500095584019,
      "p98": 0.887567896321138
    },
    "strike_coverage": {
      "p02": 0.975609756097561,
      "p10": 1.0,
      "p25": 1.0,
      "p50": 1.0,
      "p75": 1.0,
      "p90": 1.0,
      "p98": 1.0
    },
    "atm_build_rate": {
      "p02": 0.27221635394710103,
      "p10": 0.4123694061120733,
      "p25": 0.5085209981740718,
      "p50": 0.6040617430404114,
      "p75": 0.683846274406289,
      "p90": 0.7480593485613498,
      "p98": 0.8248432073959904
    },
    "oi_add_intensity": {
      "p02": 0.08463424522327834,
      "p10": 0.12461943598895274,
      "p25": 0.1768557774532919,
      "p50": 0.26576648416956267,
      "p75": 0.447547437660046,
      "p90": 0.7540841347836376,
      "p98": 1.3500231125483069
    },
    "basis_momentum": {
      "p02": -0.18878048755799817,
      "p10": -0.09493048078449962,
      "p25": -0.04276237219280266,
      "p50": 0.001991064104220615,
      "p75": 0.04602573573314819,
      "p90": 0.09301782516957763,
      "p98": 0.17407006781947595
    },
    "ce_skew_shift": {
      "p02": -29.545454545454543,
      "p10": -11.728258762421557,
      "p25": -5.173796722981852,
      "p50": -1.2555151105477016,
      "p75": 2.1413872463548898,
      "p90": 6.700962414991138,
      "p98": 21.01345074212964
    },
    "pe_skew_shift": {
      "p02": -33.219093363097265,
      "p10": -13.317169006099835,
      "p25": -6.248049879425481,
      "p50": -1.493995870925814,
      "p75": 2.3619212863452272,
      "p90": 7.95052328026504,
      "p98": 22.3777781267647
    },
    "fii_cash_context": {
      "p02": -1.178732,
      "p10": -0.7960019999999999,
      "p25": -0.435071,
      "p50": -0.12709399999999998,
      "p75": 0.06023649999999999,
      "p90": 0.11767199999999998,
      "p98": 0.44707399999999997
    }
  },
  "label_centroids": {
    "FII_BULL": {
      "ce_pe_imbalance": -0.13869029275808936,
      "strike_coverage": 1.0,
      "atm_build_rate": 0.5987110202105025,
      "oi_add_intensity": 0.2602538453619757,
      "basis_momentum": 0.01725592453342833,
      "ce_skew_shift": -0.8886231435829324,
      "pe_skew_shift": -1.6153512336127596,
      "fii_cash_context": -0.06947300000000001
    },
    "FII_BEAR": {
      "ce_pe_imbalance": 0.09814057273619597,
      "strike_coverage": 1.0,
      "atm_build_rate": 0.5710605833371095,
      "oi_add_intensity": 0.2851530512475924,
      "basis_momentum": -0.01479548533325803,
      "ce_skew_shift": -1.4396537737777395,
      "pe_skew_shift": -1.21911592916201,
      "fii_cash_context": -0.195919
    },
    "DII_MIXED": {
      "ce_pe_imbalance": -0.017228562303545636,
      "strike_coverage": 1.0,
      "atm_build_rate": 0.6206631998329848,
      "oi_add_intensity": 0.25996556284619277,
      "basis_momentum": 0.0012027928871596273,
      "ce_skew_shift": -1.3447602788182627,
      "pe_skew_shift": -1.4934877696842008,
      "fii_cash_context": -0.08377025000000002
    }
  },
  "feature_names": [
    "ce_pe_imbalance",
    "strike_coverage",
    "atm_build_rate",
    "oi_add_intensity",
    "basis_momentum",
    "ce_skew_shift",
    "pe_skew_shift",
    "fii_cash_context"
  ],
  "training_days": [
    "2025-09-01",
    "2025-09-02",
    "2025-09-03",
    "2025-09-04",
    "2025-09-05",
    "2025-09-08",
    "2025-09-09",
    "2025-09-10",
    "2025-09-11",
    "2025-09-12",
    "2025-09-15",
    "2025-09-16",
    "2025-09-17",
    "2025-09-18",
    "2025-09-19",
    "2025-09-22",
    "2025-09-23",
    "2025-09-24",
    "2025-09-25",
    "2025-09-26",
    "2025-09-29",
    "2025-09-30",
    "2025-10-01",
    "2025-10-03",
    "2025-10-06",
    "2025-10-07",
    "2025-10-08",
    "2025-10-09",
    "2025-10-10",
    "2025-10-13",
    "2025-10-14",
    "2025-10-15",
    "2025-10-16",
    "2025-10-17",
    "2025-10-20",
    "2025-10-21",
    "2025-10-23",
    "2025-10-24",
    "2025-10-27",
    "2025-10-28",
    "2025-10-29",
    "2025-10-30",
    "2025-10-31",
    "2025-11-03",
    "2025-11-04",
    "2025-11-06",
    "2025-11-07",
    "2025-11-10",
    "2025-11-11",
    "2025-11-12",
    "2025-11-13",
    "2025-11-14",
    "2025-11-17",
    "2025-11-18",
    "2025-11-19",
    "2025-11-20",
    "2025-11-21",
    "2025-11-24",
    "2025-11-25",
    "2025-11-26",
    "2025-11-27",
    "2025-11-28",
    "2025-12-01",
    "2025-12-02",
    "2025-12-03",
    "2025-12-04",
    "2025-12-05",
    "2025-12-08",
    "2025-12-09",
    "2025-12-10",
    "2025-12-11",
    "2025-12-12",
    "2025-12-15",
    "2025-12-16",
    "2025-12-17",
    "2025-12-18",
    "2025-12-19",
    "2025-12-22",
    "2025-12-23",
    "2025-12-24"
  ],
  "label_counts": {
    "FII_BULL": 7577,
    "FII_BEAR": 7234,
    "DII_MIXED": 13710
  }
}