{
  "feature_stats": {
    "ce_pe_imbalance": {
      "FII_BULL": {
        "median": -0.11520641343897711,
        "std": 0.5191836832119503
      },
      "FII_BEAR": {
        "median": 0.09508468853750493,
        "std": 0.49784741836745133
      },
      "DII_MIXED": {
        "median": -0.01906038051506527,
        "std": 0.521562675885632
      }
    },
    "strike_coverage": {
      "FII_BULL": {
        "median": 1.0,
        "std": 0.004347408428519142
      },
      "FII_BEAR": {
        "median": 1.0,
        "std": 0.005829420415909564
      },
      "DII_MIXED": {
        "median": 1.0,
        "std": 0.07821322540874844
      }
    },
    "atm_build_rate": {
      "FII_BULL": {
        "median": 0.5988110463739282,
        "std": 0.11242335686499258
      },
      "FII_BEAR": {
        "median": 0.5786948574652062,
        "std": 0.1540904597359694
      },
      "DII_MIXED": {
        "median": 0.6208971561526503,
        "std": 0.13295592780239052
      }
    },
    "oi_add_intensity": {
      "FII_BULL": {
        "median": 0.26232437548261156,
        "std": 0.3318162271134701
      },
      "FII_BEAR": {
        "median": 0.29028696673890253,
        "std": 0.36150811253544374
      },
      "DII_MIXED": {
        "median": 0.2608409918942961,
        "std": 0.40163670796861695
      }
    },
    "basis_momentum": {
      "FII_BULL": {
        "median": 0.016505450636550813,
        "std": 0.08372008173562381
      },
      "FII_BEAR": {
        "median": -0.014428699442059746,
        "std": 0.08577564293436364
      },
      "DII_MIXED": {
        "median": 0.00136173783688332,
        "std": 0.07341518037228308
      }
    },
    "ce_skew_shift": {
      "FII_BULL": {
        "median": -0.9770553358281453,
        "std": 10.931954593562889
      },
      "FII_BEAR": {
        "median": -1.399493601239014,
        "std": 10.845108822839707
      },
      "DII_MIXED": {
        "median": -1.3655169530448292,
        "std": 9.672893644878156
      }
    },
    "pe_skew_shift": {
      "FII_BULL": {
        "median": -1.6464362049648804,
        "std": 9.221771006112123
      },
      "FII_BEAR": {
        "median": -1.3357855346098968,
        "std": 15.552820282664154
      },
      "DII_MIXED": {
        "median": -1.4928894476890633,
        "std": 10.81546564572831
      }
    },
    "fii_cash_context": {
      "FII_BULL": {
        "median": -0.0645405,
        "std": 0.3171991222345657
      },
      "FII_BEAR": {
        "median": -0.195919,
        "std": 0.33050654746102326
      },
      "DII_MIXED": {
        "median": -0.04524150000000004,
        "std": 0.2860155732970724
      }
    },
    "roc5_dii_net": {
      "FII_BULL": {
        "median": -2134.0,
        "std": 111288.36565990109
      },
      "FII_BEAR": {
        "median": -40761.0,
        "std": 126179.10889523265
      },
      "DII_MIXED": {
        "median": -49377.0,
        "std": 103928.27724297176
      }
    },
    "roc5_usdinr": {
      "FII_BULL": {
        "median": -0.029100000000013893,
        "std": 0.4566148923881662
      },
      "FII_BEAR": {
        "median": 0.4783999999999935,
        "std": 0.6526366886599543
      },
      "DII_MIXED": {
        "median": 0.08249999999999602,
        "std": 0.4897926909720437
      }
    },
    "roc5_fii_ni_fut": {
      "FII_BULL": {
        "median": 182.16000000000008,
        "std": 2196.785427976045
      },
      "FII_BEAR": {
        "median": 453.15999999999997,
        "std": 2052.6781994828784
      },
      "DII_MIXED": {
        "median": 450.0200000000002,
        "std": 1646.2145662833088
      }
    }
  },
  "global_pct": {
    "ce_pe_imbalance": {
      "p02": -0.881013676503601,
      "p10": -0.7151670932992349,
      "p25": -0.44320551137624864,
      "p50": -0.009222548090222538,
      "p75": 0.4316148707414631,
      "p90": 0.7187918869370038,
      "p98": 0.8868340756038683
    },
    "strike_coverage": {
      "p02": 0.975609756097561,
      "p10": 1.0,
      "p25": 1.0,
      "p50": 1.0,
      "p75": 1.0,
      "p90": 1.0,
      "p98": 1.0
    },
    "atm_build_rate": {
      "p02": 0.2714828507999145,
      "p10": 0.41560133934824844,
      "p25": 0.5105356631971094,
      "p50": 0.6055312493797282,
      "p75": 0.6848247683030054,
      "p90": 0.7483872903179933,
      "p98": 0.8252916214409959
    },
    "oi_add_intensity": {
      "p02": 0.08441863235606004,
      "p10": 0.12448396597415726,
      "p25": 0.17784926895915415,
      "p50": 0.26815196323060725,
      "p75": 0.45036061748799006,
      "p90": 0.7560130236666456,
      "p98": 1.3557805876587776
    },
    "basis_momentum": {
      "p02": -0.1878227612864264,
      "p10": -0.09379062393406949,
      "p25": -0.04243459962545364,
      "p50": 0.0015869552423490967,
      "p75": 0.045345987145076164,
      "p90": 0.09231166731540402,
      "p98": 0.1737600887514631
    },
    "ce_skew_shift": {
      "p02": -29.501834945212686,
      "p10": -11.835216177265288,
      "p25": -5.169778564113759,
      "p50": -1.2823195528295308,
      "p75": 2.079218675206044,
      "p90": 6.775581430132774,
      "p98": 21.1685438303246
    },
    "pe_skew_shift": {
      "p02": -32.878787878787875,
      "p10": -13.17186941998575,
      "p25": -6.1306148719846645,
      "p50": -1.5179714092270862,
      "p75": 2.2070279898031826,
      "p90": 7.475843544233003,
      "p98": 21.786990413706437
    },
    "fii_cash_context": {
      "p02": -0.8541635000000001,
      "p10": -0.5819595,
      "p25": -0.335514,
      "p50": -0.101633,
      "p75": 0.06577999999999999,
      "p90": 0.11767199999999998,
      "p98": 0.44707399999999997
    },
    "roc5_dii_net": {
      "p02": -269242.0,
      "p10": -172678.0,
      "p25": -120890.0,
      "p50": -40761.0,
      "p75": 4974.0,
      "p90": 112883.0,
      "p98": 196150.0
    },
    "roc5_usdinr": {
      "p02": -1.177500000000009,
      "p10": -0.5942000000000007,
      "p25": -0.08550000000001035,
      "p50": 0.07909999999999684,
      "p75": 0.4783999999999935,
      "p90": 0.7998999999999938,
      "p98": 1.0549999999999926
    },
    "roc5_fii_ni_fut": {
      "p02": -5308.1,
      "p10": -2402.8999999999996,
      "p25": -1042.0400000000002,
      "p50": 438.85,
      "p75": 1367.67,
      "p90": 2195.24,
      "p98": 3912.3599999999997
    }
  },
  "label_centroids": {
    "FII_BULL": {
      "ce_pe_imbalance": -0.11520641343897711,
      "strike_coverage": 1.0,
      "atm_build_rate": 0.5988110463739282,
      "oi_add_intensity": 0.26232437548261156,
      "basis_momentum": 0.016505450636550813,
      "ce_skew_shift": -0.9770553358281453,
      "pe_skew_shift": -1.6464362049648804,
      "fii_cash_context": -0.0645405,
      "roc5_dii_net": -2134.0,
      "roc5_usdinr": -0.029100000000013893,
      "roc5_fii_ni_fut": 182.16000000000008
    },
    "FII_BEAR": {
      "ce_pe_imbalance": 0.09508468853750493,
      "strike_coverage": 1.0,
      "atm_build_rate": 0.5786948574652062,
      "oi_add_intensity": 0.29028696673890253,
      "basis_momentum": -0.014428699442059746,
      "ce_skew_shift": -1.399493601239014,
      "pe_skew_shift": -1.3357855346098968,
      "fii_cash_context": -0.195919,
      "roc5_dii_net": -40761.0,
      "roc5_usdinr": 0.4783999999999935,
      "roc5_fii_ni_fut": 453.15999999999997
    },
    "DII_MIXED": {
      "ce_pe_imbalance": -0.01906038051506527,
      "strike_coverage": 1.0,
      "atm_build_rate": 0.6208971561526503,
      "oi_add_intensity": 0.2608409918942961,
      "basis_momentum": 0.00136173783688332,
      "ce_skew_shift": -1.3655169530448292,
      "pe_skew_shift": -1.4928894476890633,
      "fii_cash_context": -0.04524150000000004,
      "roc5_dii_net": -49377.0,
      "roc5_usdinr": 0.08249999999999602,
      "roc5_fii_ni_fut": 450.0200000000002
    }
  },