{
  "feature_stats": {
    "ce_pe_imbalance": {
      "FII_BULL": {
        "median": -0.11035136955009747,
        "std": 0.5076845306929341
      },
      "FII_BEAR": {
        "median": 0.1217765056251336,
        "std": 0.501074108139941
      },
      "DII_MIXED": {
        "median": 0.007190112110288,
        "std": 0.531850075679493
      }
    },
    "strike_coverage": {
      "FII_BULL": {
        "median": 1.0,
        "std": 0.005371097215521373
      },
      "FII_BEAR": {
        "median": 1.0,
        "std": 0.005118836131183196
      },
      "DII_MIXED": {
        "median": 1.0,
        "std": 0.06021244713772274
      }
    },
    "atm_build_rate": {
      "FII_BULL": {
        "median": 0.5871417530121193,
        "std": 0.11501187969122574
      },
      "FII_BEAR": {
        "median": 0.5586558270548321,
        "std": 0.159999651357544
      },
      "DII_MIXED": {
        "median": 0.6113163119257583,
        "std": 0.13416363071892792
      }
    },
    "oi_add_intensity": {
      "FII_BULL": {
        "median": 0.26646437996371464,
        "std": 0.2943397538983503
      },
      "FII_BEAR": {
        "median": 0.27688782022142655,
        "std": 0.3557084364470692
      },
      "DII_MIXED": {
        "median": 0.26121509607538584,
        "std": 0.3873098199257478
      }
    },
    "basis_momentum": {
      "FII_BULL": {
        "median": 0.017776127118089315,
        "std": 0.11921646692354748
      },
      "FII_BEAR": {
        "median": -0.018486566537365336,
        "std": 0.10265146683905386
      },
      "DII_MIXED": {
        "median": 0.00037877353128577357,
        "std": 0.09213254985170108
      }
    },
    "ce_skew_shift": {
      "FII_BULL": {
        "median": -1.2149706700855698,
        "std": 17.529314137274305
      },
      "FII_BEAR": {
        "median": -1.3719999134528162,
        "std": 11.853906768241277
      },
      "DII_MIXED": {
        "median": -1.4022126553492436,
        "std": 10.542722202270221
      }
    },
    "pe_skew_shift": {
      "FII_BULL": {
        "median": -1.8776496879352447,
        "std": 11.846328712184919
      },
      "FII_BEAR": {
        "median": -0.7068826819642163,
        "std": 19.959069049594923
      },
      "DII_MIXED": {
        "median": -1.4892587370051287,
        "std": 13.85503273126392
      }
    },
    "fii_cash_context": {
      "FII_BULL": {
        "median": -0.30825749999999996,
        "std": 0.6743811466295723
      },
      "FII_BEAR": {
        "median": -0.195919,
        "std": 0.6007760276099792
      },
      "DII_MIXED": {
        "median": -0.216687,
        "std": 0.46442791257647864
      }
    }
  },
  "global_pct": {
    "ce_pe_imbalance": {
      "p02": -0.8873116277881249,
      "p10": -0.717096919869594,
      "p25": -0.42826188198353593,
      "p50": 0.01162644386843496,
      "p75": 0.44337944433355525,
      "p90": 0.7249031898135994,
      "p98": 0.8974644081650354
    },
    "strike_coverage": {
      "p02": 0.975609756097561,
      "p10": 1.0,
      "p25": 1.0,
      "p50": 1.0,
      "p75": 1.0,
      "p90": 1.0,
      "p98": 1.0
    },
    "atm_build_rate": {
      "p02": 0.2472726730186345,
      "p10": 0.3887155076032457,
      "p25": 0.49147591103924776,
      "p50": 0.5901222948228324,
      "p75": 0.6745602671105171,
      "p90": 0.7427366415875235,
      "p98": 0.8193757278730385
    },
    "oi_add_intensity": {
      "p02": 0.08742123931465277,
      "p10": 0.12592400528980363,
      "p25": 0.17614353865048385,
      "p50": 0.2670920141395709,
      "p75": 0.44479567017238797,
      "p90": 0.7427799680110362,
      "p98": 1.2881220300582987
    },
    "basis_momentum": {
      "p02": -0.2358151894525841,
      "p10": -0.11802381235682592,
      "p25": -0.05277415936360156,
      "p50": 0.0,
      "p75": 0.05036286849138635,
      "p90": 0.10828834302832008,
      "p98": 0.23100113867351466
    },
    "ce_skew_shift": {
      "p02": -33.108946742623594,
      "p10": -13.178448290271957,
      "p25": -5.817830440244285,
      "p50": -1.3632987961907885,
      "p75": 2.489514336733259,
      "p90": 7.955925249699813,
      "p98": 23.315707453666413
    },
    "pe_skew_shift": {
      "p02": -35.56854256854257,
      "p10": -14.686662413935137,
      "p25": -6.788014455752861,
      "p50": -1.4333042715754896,
      "p75": 3.0755012556411847,
      "p90": 10.009028211197325,
      "p98": 27.524947204329315
    },
    "fii_cash_context": {
      "p02": -1.9437985,
      "p10": -1.2227860000000002,
      "p25": -0.639203,
      "p50": -0.216687,
      "p75": 0.0277995,
      "p90": 0.2802325,
      "p98": 0.523855
    }
  },
  "label_centroids": {
    "FII_BULL": {
      "ce_pe_imbalance": -0.11035136955009747,
      "strike_coverage": 1.0,
      "atm_build_rate": 0.5871417530121193,
      "oi_add_intensity": 0.26646437996371464,
      "basis_momentum": 0.017776127118089315,
      "ce_skew_shift": -1.2149706700855698,
      "pe_skew_shift": -1.8776496879352447,
      "fii_cash_context": -0.30825749999999996
    },
    "FII_BEAR": {
      "ce_pe_imbalance": 0.1217765056251336,
      "strike_coverage": 1.0,
      "atm_build_rate": 0.5586558270548321,
      "oi_add_intensity": 0.27688782022142655,
      "basis_momentum": -0.018486566537365336,
      "ce_skew_shift": -1.3719999134528162,
      "pe_skew_shift": -0.7068826819642163,
      "fii_cash_context": -0.195919
    },
    "DII_MIXED": {
      "ce_pe_imbalance": 0.007190112110288,
      "strike_coverage": 1.0,
      "atm_build_rate": 0.6113163119257583,
      "oi_add_intensity": 0.26121509607538584,
      "basis_momentum": 0.00037877353128577357,
      "ce_skew_shift": -1.4022126553492436,
      "pe_skew_shift": -1.4892587370051287,
      "fii_cash_context": -0.216687
    }
  },
  "feature_names": [
    "ce_pe_imbalance",
    "strike_coverage",
    "atm_build_rate",
    "oi_add_intensity",
    "basis_momentum",
    "ce_skew_shift",
    "pe_skew_shift",
    "fii_cash_context"
  ],