{
  "feature_stats": {
    "ce_pe_imbalance": {
      "FII_BULL": {
        "median": -0.09710058993081738,
        "std": 0.5082800465686684
      },
      "FII_BEAR": {
        "median": 0.1215217829504921,
        "std": 0.5017842317646899
      },
      "DII_MIXED": {
        "median": 0.006648476580263756,
        "std": 0.5326649685553337
      }
    },
    "strike_coverage": {
      "FII_BULL": {
        "median": 1.0,
        "std": 0.005182792779604749
      },
      "FII_BEAR": {
        "median": 1.0,
        "std": 0.0051511198512784314
      },
      "DII_MIXED": {
        "median": 1.0,
        "std": 0.06174498900578979
      }
    },
    "atm_build_rate": {
      "FII_BULL": {
        "median": 0.5866646516787326,
        "std": 0.11580340994281835
      },
      "FII_BEAR": {
        "median": 0.5618279936688134,
        "std": 0.16067510382152445
      },
      "DII_MIXED": {
        "median": 0.6109983743483379,
        "std": 0.13332978363029002
      }
    },
    "oi_add_intensity": {
      "FII_BULL": {
        "median": 0.26803524282035873,
        "std": 0.2975532557733334
      },
      "FII_BEAR": {
        "median": 0.2789050771553272,
        "std": 0.3583801249323363
      },
      "DII_MIXED": {
        "median": 0.2622116486818228,
        "std": 0.38948493861825323
      }
    },
    "basis_momentum": {
      "FII_BULL": {
        "median": 0.017226023040787287,
        "std": 0.12150552268589587
      },
      "FII_BEAR": {
        "median": -0.018415499711548503,
        "std": 0.10288745879041315
      },
      "DII_MIXED": {
        "median": 0.00037864588656056383,
        "std": 0.0912777009052735
      }
    },
    "ce_skew_shift": {
      "FII_BULL": {
        "median": -1.3083159979516803,
        "std": 17.931871193486955
      },
      "FII_BEAR": {
        "median": -1.34863767944222,
        "std": 11.93416945252456
      },
      "DII_MIXED": {
        "median": -1.416546076510793,
        "std": 10.506467497955748
      }
    },
    "pe_skew_shift": {
      "FII_BULL": {
        "median": -1.9107486770994977,
        "std": 12.029201125711456
      },
      "FII_BEAR": {
        "median": -0.7464399339831714,
        "std": 20.130926175625625
      },
      "DII_MIXED": {
        "median": -1.4877979474013094,
        "std": 11.79769694823353
      }
    },
    "fii_cash_context": {
      "FII_BULL": {
        "median": -0.298928,
        "std": 0.6755588085841558
      },
      "FII_BEAR": {
        "median": -0.17444150000000003,
        "std": 0.6011899878177704
      },
      "DII_MIXED": {
        "median": -0.18080549999999998,
        "std": 0.45561964657364823
      }
    },
    "roc5_dii_net": {
      "FII_BULL": {
        "median": -6274.0,
        "std": 181218.25616479022
      },
      "FII_BEAR": {
        "median": -23583.0,
        "std": 160999.26526750342
      },
      "DII_MIXED": {
        "median": -23109.0,
        "std": 156614.81034634224
      }
    },
    "roc5_usdinr": {
      "FII_BULL": {
        "median": 0.13500000000000512,
        "std": 0.5588213129739457
      },
      "FII_BEAR": {
        "median": 0.2325000000000017,
        "std": 0.6718288546605458
      },
      "DII_MIXED": {
        "median": 0.10500000000000398,
        "std": 0.6462737611474588
      }
    },
    "roc5_fii_ni_fut": {
      "FII_BULL": {
        "median": -223.33000000000015,
        "std": 2571.5540421386468
      },
      "FII_BEAR": {
        "median": 453.15999999999997,
        "std": 2279.7308993548854
      },
      "DII_MIXED": {
        "median": 62.039999999999964,
        "std": 1911.4047992647484
      }
    }
  },
  "global_pct": {
    "ce_pe_imbalance": {
      "p02": -0.8874892958021919,
      "p10": -0.7158187715169337,
      "p25": -0.42696494946953356,
      "p50": 0.01498200211839169,
      "p75": 0.444911100913716,
      "p90": 0.7260467461163866,
      "p98": 0.8971275232483706
    },
    "strike_coverage": {
      "p02": 0.975609756097561,
      "p10": 1.0,
      "p25": 1.0,
      "p50": 1.0,
      "p75": 1.0,
      "p90": 1.0,
      "p98": 1.0
    },
    "atm_build_rate": {
      "p02": 0.2459911081710987,
      "p10": 0.38875072419640055,
      "p25": 0.4917769416039448,
      "p50": 0.5904583133881574,
      "p75": 0.6746529697146868,
      "p90": 0.7426602645462919,
      "p98": 0.8194894009639525
    },
    "oi_add_intensity": {
      "p02": 0.08732504841032014,
      "p10": 0.12587885337614102,
      "p25": 0.17670903191374487,
      "p50": 0.2683711753613951,
      "p75": 0.44561107004369344,
      "p90": 0.7436024992508443,
      "p98": 1.2897713184286865
    },
    "basis_momentum": {
      "p02": -0.23647663889452292,
      "p10": -0.11861020979673909,
      "p25": -0.05292519736603598,
      "p50": 0.0,
      "p75": 0.0501133625922081,
      "p90": 0.10867105769458248,
      "p98": 0.23302222396992922
    },
    "ce_skew_shift": {
      "p02": -33.15677115471556,
      "p10": -13.310387013616252,
      "p25": -5.848791969226381,
      "p50": -1.3815929685054416,
      "p75": 2.4804949412047987,
      "p90": 8.06525024690924,
      "p98": 23.451885584254413
    },
    "pe_skew_shift": {
      "p02": -35.513201264582435,
      "p10": -14.6440680748081,
      "p25": -6.743278404859911,
      "p50": -1.44452068553378,
      "p75": 3.0067126179479535,
      "p90": 9.911862422891991,
      "p98": 27.531298934512254
    },
    "fii_cash_context": {
      "p02": -1.9437985,
      "p10": -1.0301115,
      "p25": -0.5819595,
      "p50": -0.20516199999999998,
      "p75": 0.03461699999999996,
      "p90": 0.2802325,
      "p98": 0.523855
    },
    "roc5_dii_net": {
      "p02": -310238.0,
      "p10": -183614.0,
      "p25": -120739.0,
      "p50": -21457.0,
      "p75": 62752.0,
      "p90": 155527.0,
      "p98": 479198.0
    },
    "roc5_usdinr": {
      "p02": -1.4819999999999993,
      "p10": -0.5942000000000007,
      "p25": -0.04749999999999943,
      "p50": 0.13500000000000512,
      "p75": 0.5550000000000068,
      "p90": 0.8924999999999983,
      "p98": 1.375
    },
    "roc5_fii_ni_fut": {
      "p02": -5308.1,
      "p10": -2818.92,
      "p25": -1275.36,
      "p50": 62.039999999999964,
      "p75": 1337.7299999999987,
      "p90": 2723.81,
      "p98": 4707.3
    }
  },
  "label_centroids": {
    "FII_BULL": {
      "ce_pe_imbalance": -0.09710058993081738,
      "strike_coverage": 1.0,
      "atm_build_rate": 0.5866646516787326,
      "oi_add_intensity": 0.26803524282035873,
      "basis_momentum": 0.017226023040787287,
      "ce_skew_shift": -1.3083159979516803,
      "pe_skew_shift": -1.9107486770994977,
      "fii_cash_context": -0.298928,
      "roc5_dii_net": -6274.0,
      "roc5_usdinr": 0.13500000000000512,
      "roc5_fii_ni_fut": -223.33000000000015
    },
    "FII_BEAR": {
      "ce_pe_imbalance": 0.1215217829504921,
      "strike_coverage": 1.0,
      "atm_build_rate": 0.5618279936688134,
      "oi_add_intensity": 0.2789050771553272,
      "basis_momentum": -0.018415499711548503,
      "ce_skew_shift": -1.34863767944222,
      "pe_skew_shift": -0.7464399339831714,
      "fii_cash_context": -0.17444150000000003,
      "roc5_dii_net": -23583.0,
      "roc5_usdinr": 0.2325000000000017,
      "roc5_fii_ni_fut": 453.15999999999997
    },
    "DII_MIXED": {
      "ce_pe_imbalance": 0.006648476580263756,
      "strike_coverage": 1.0,
      "atm_build_rate": 0.6109983743483379,
      "oi_add_intensity": 0.2622116486818228,
      "basis_momentum": 0.00037864588656056383,
      "ce_skew_shift": -1.416546076510793,
      "pe_skew_shift": -1.4877979474013094,
      "fii_cash_context": -0.18080549999999998,
      "roc5_dii_net": -23109.0,
      "roc5_usdinr": 0.10500000000000398,
      "roc5_fii_ni_fut": 62.039999999999964
    }
  },