{
  "feature_stats": {
    "ce_pe_imbalance": {
      "FII_BULL": {
        "median": -0.13237254631545073,
        "std": 0.5080369017411553
      },
      "FII_BEAR": {
        "median": 0.11702405879213368,
        "std": 0.498157171235985
      },
      "DII_MIXED": {
        "median": 0.0024606454462285875,
        "std": 0.5298446328010004
      }
    },
    "strike_coverage": {
      "FII_BULL": {
        "median": 1.0,
        "std": 0.00595844479085933
      },
      "FII_BEAR": {
        "median": 1.0,
        "std": 0.005633637885440148
      },
      "DII_MIXED": {
        "median": 1.0,
        "std": 0.06229923550473556
      }
    },
    "atm_build_rate": {
      "FII_BULL": {
        "median": 0.5958020315970749,
        "std": 0.11205912855885637
      },
      "FII_BEAR": {
        "median": 0.5828823155636237,
        "std": 0.15430919942165752
      },
      "DII_MIXED": {
        "median": 0.6187352943136902,
        "std": 0.13189980410027946
      }
    },
    "oi_add_intensity": {
      "FII_BULL": {
        "median": 0.2657297985148376,
        "std": 0.30310328112831997
      },
      "FII_BEAR": {
        "median": 0.26610807883599924,
        "std": 0.3692611416858822
      },
      "DII_MIXED": {
        "median": 0.25963997998488814,
        "std": 0.39414228644481386
      }
    },
    "basis_momentum": {
      "FII_BULL": {
        "median": 0.017153996100701424,
        "std": 0.09280888752222134
      },
      "FII_BEAR": {
        "median": -0.015740749441217616,
        "std": 0.08862765403863232
      },
      "DII_MIXED": {
        "median": 0.00039832702646708446,
        "std": 0.08735277807199227
      }
    },
    "ce_skew_shift": {
      "FII_BULL": {
        "median": -0.9147794266736192,
        "std": 11.437431317902195
      },
      "FII_BEAR": {
        "median": -1.2722143961223158,
        "std": 11.878566078046402
      },
      "DII_MIXED": {
        "median": -1.401153271787402,
        "std": 10.696463737942558
      }
    },
    "pe_skew_shift": {
      "FII_BULL": {
        "median": -1.6471249894199715,
        "std": 9.983737054724411
      },
      "FII_BEAR": {
        "median": -0.821612804204683,
        "std": 20.245062046629087
      },
      "DII_MIXED": {
        "median": -1.5376151091057082,
        "std": 13.982020687977862
      }
    },
    "fii_cash_context": {
      "FII_BULL": {
        "median": -0.20365399999999997,
        "std": 0.4006064024323852
      },
      "FII_BEAR": {
        "median": -0.17444150000000003,
        "std": 0.37658185401034927
      },
      "DII_MIXED": {
        "median": -0.216687,
        "std": 0.37588493609669277
      }
    }
  },
  "global_pct": {
    "ce_pe_imbalance": {
      "p02": -0.8847742277109849,
      "p10": -0.7185618480358736,
      "p25": -0.43490945802991954,
      "p50": 0.0032065274442414555,
      "p75": 0.4395856954109965,
      "p90": 0.7231337202749212,
      "p98": 0.8935084974834773
    },
    "strike_coverage": {
      "p02": 0.975609756097561,
      "p10": 1.0,
      "p25": 1.0,
      "p50": 1.0,
      "p75": 1.0,
      "p90": 1.0,
      "p98": 1.0
    },
    "atm_build_rate": {
      "p02": 0.26934614044292443,
      "p10": 0.40979228157045783,
      "p25": 0.5081459626078169,
      "p50": 0.6036710210103342,
      "p75": 0.683993503157831,
      "p90": 0.7492968165341108,
      "p98": 0.8250582961251626
    },
    "oi_add_intensity": {
      "p02": 0.086791031116664,
      "p10": 0.1246482612178505,
      "p25": 0.17420055544948082,
      "p50": 0.26287631996915994,
      "p75": 0.4386210897999956,
      "p90": 0.7399496860433945,
      "p98": 1.3049346495665042
    },
    "basis_momentum": {
      "p02": -0.204691750762867,
      "p10": -0.10372012608594201,
      "p25": -0.04730587252337609,
      "p50": 0.00039568858111278305,
      "p75": 0.04695504068755345,
      "p90": 0.09795833911741354,
      "p98": 0.19642269864316936
    },
    "ce_skew_shift": {
      "p02": -31.09574970484061,
      "p10": -12.50960265785445,
      "p25": -5.461578363095391,
      "p50": -1.2700173920210756,
      "p75": 2.4472836194640593,
      "p90": 7.593635326509352,
      "p98": 22.55241160015079
    },
    "pe_skew_shift": {
      "p02": -34.15546192997627,
      "p10": -13.950850575604843,
      "p25": -6.558195900713475,
      "p50": -1.434607754578308,
      "p75": 2.8486113410735743,
      "p90": 9.410596116502926,
      "p98": 26.43418675993856
    },
    "fii_cash_context": {
      "p02": -1.1262025000000002,
      "p10": -0.7271295,
      "p25": -0.5061614999999999,
      "p50": -0.18080549999999998,
      "p75": 0.04172900000000001,
      "p90": 0.23970899999999998,
      "p98": 0.523855
    }
  },
  "label_centroids": {
    "FII_BULL": {
      "ce_pe_imbalance": -0.13237254631545073,
      "strike_coverage": 1.0,
      "atm_build_rate": 0.5958020315970749,
      "oi_add_intensity": 0.2657297985148376,
      "basis_momentum": 0.017153996100701424,
      "ce_skew_shift": -0.9147794266736192,
      "pe_skew_shift": -1.6471249894199715,
      "fii_cash_context": -0.20365399999999997
    },
    "FII_BEAR": {
      "ce_pe_imbalance": 0.11702405879213368,
      "strike_coverage": 1.0,
      "atm_build_rate": 0.5828823155636237,
      "oi_add_intensity": 0.26610807883599924,
      "basis_momentum": -0.015740749441217616,
      "ce_skew_shift": -1.2722143961223158,
      "pe_skew_shift": -0.821612804204683,
      "fii_cash_context": -0.17444150000000003
    },
    "DII_MIXED": {
      "ce_pe_imbalance": 0.0024606454462285875,
      "strike_coverage": 1.0,
      "atm_build_rate": 0.6187352943136902,
      "oi_add_intensity": 0.25963997998488814,
      "basis_momentum": 0.00039832702646708446,
      "ce_skew_shift": -1.401153271787402,
      "pe_skew_shift": -1.5376151091057082,
      "fii_cash_context": -0.216687
    }
  },
  "feature_names": [
    "ce_pe_imbalance",
    "strike_coverage",
    "atm_build_rate",
    "oi_add_intensity",
    "basis_momentum",
    "ce_skew_shift",
    "pe_skew_shift",
    "fii_cash_context"
  ],