{
  "feature_stats": {
    "ce_pe_imbalance": {
      "FII_BULL": {
        "median": -0.11569873425543528,
        "std": 0.5090558468109164
      },
      "FII_BEAR": {
        "median": 0.11564725863574724,
        "std": 0.49895992860482485
      },
      "DII_MIXED": {
        "median": 0.0017473342153809409,
        "std": 0.5306155339423193
      }
    },
    "strike_coverage": {
      "FII_BULL": {
        "median": 1.0,
        "std": 0.005783181195711053
      },
      "FII_BEAR": {
        "median": 1.0,
        "std": 0.005685279947585315
      },
      "DII_MIXED": {
        "median": 1.0,
        "std": 0.06400327023525887
      }
    },
    "atm_build_rate": {
      "FII_BULL": {
        "median": 0.59582404927021,
        "std": 0.11292991266576143
      },
      "FII_BEAR": {
        "median": 0.5873966820118326,
        "std": 0.15462792665460556
      },
      "DII_MIXED": {
        "median": 0.618747381799334,
        "std": 0.13084478600703134
      }
    },
    "oi_add_intensity": {
      "FII_BULL": {
        "median": 0.26774762138692504,
        "std": 0.30772318442217556
      },
      "FII_BEAR": {
        "median": 0.2688071049315074,
        "std": 0.37294679735279435
      },
      "DII_MIXED": {
        "median": 0.2603572509874043,
        "std": 0.39682205169122475
      }
    },
    "basis_momentum": {
      "FII_BULL": {
        "median": 0.016537592771188967,
        "std": 0.0944564193257685
      },
      "FII_BEAR": {
        "median": -0.015526157593868335,
        "std": 0.08849834439379571
      },
      "DII_MIXED": {
        "median": 0.0003973773097340395,
        "std": 0.08609823407930575
      }
    },
    "ce_skew_shift": {
      "FII_BULL": {
        "median": -0.9910638231770297,
        "std": 11.68607961779643
      },
      "FII_BEAR": {
        "median": -1.2492632036797862,
        "std": 11.979636891943741
      },
      "DII_MIXED": {
        "median": -1.415137646912686,
        "std": 10.666809498126167
      }
    },
    "pe_skew_shift": {
      "FII_BULL": {
        "median": -1.679150504255296,
        "std": 10.124294900778336
      },
      "FII_BEAR": {
        "median": -0.8894555426219121,
        "std": 20.46542712336218
      },
      "DII_MIXED": {
        "median": -1.544349933924203,
        "std": 11.7843084210202
      }
    },
    "fii_cash_context": {
      "FII_BULL": {
        "median": -0.14579849999999997,
        "std": 0.33099957552875514
      },
      "FII_BEAR": {
        "median": -0.17285600000000004,
        "std": 0.3588439899575149
      },
      "DII_MIXED": {
        "median": -0.18080549999999998,
        "std": 0.3564652604255005
      }
    },
    "roc5_dii_net": {
      "FII_BULL": {
        "median": 6597.0,
        "std": 170722.6312608528
      },
      "FII_BEAR": {
        "median": -24335.0,
        "std": 147114.0838293292
      },
      "DII_MIXED": {
        "median": -27048.0,
        "std": 141139.67266436477
      }
    },
    "roc5_usdinr": {
      "FII_BULL": {
        "median": 0.07000000000000739,
        "std": 0.4719329893696808
      },
      "FII_BEAR": {
        "median": 0.10000000000000853,
        "std": 0.6355966155546123
      },
      "DII_MIXED": {
        "median": 0.09499999999999886,
        "std": 0.6003476481041005
      }
    },
    "roc5_fii_ni_fut": {
      "FII_BULL": {
        "median": -223.33000000000015,
        "std": 2533.6884730329884
      },
      "FII_BEAR": {
        "median": 438.85,
        "std": 2122.484061406187
      },
      "DII_MIXED": {
        "median": 103.52999999999997,
        "std": 1926.0482126041882
      }
    }
  },
  "global_pct": {
    "ce_pe_imbalance": {
      "p02": -0.8850377885338756,
      "p10": -0.7173246734898763,
      "p25": -0.43385440872137937,
      "p50": 0.006557411448715796,
      "p75": 0.4415518866709417,
      "p90": 0.7247131848974405,
      "p98": 0.8930160634734281
    },
    "strike_coverage": {
      "p02": 0.975609756097561,
      "p10": 1.0,
      "p25": 1.0,
      "p50": 1.0,
      "p75": 1.0,
      "p90": 1.0,
      "p98": 1.0
    },
    "atm_build_rate": {
      "p02": 0.2680575855396237,
      "p10": 0.4115234716866892,
      "p25": 0.5095358531161671,
      "p50": 0.6046351249686533,
      "p75": 0.6847309049563791,
      "p90": 0.7496926749481382,
      "p98": 0.8254728034515666
    },
    "oi_add_intensity": {
      "p02": 0.08660063018773706,
      "p10": 0.12458417458885082,
      "p25": 0.17456143469433458,
      "p50": 0.26430582231521366,
      "p75": 0.43961152443388063,
      "p90": 0.7404704300108741,
      "p98": 1.3063928979683868
    },
    "basis_momentum": {
      "p02": -0.20456635976522025,
      "p10": -0.10353619887745313,
      "p25": -0.0472931905939768,
      "p50": 0.0003820439350323758,
      "p75": 0.046533241687697416,
      "p90": 0.09764922227083112,
      "p98": 0.19747289505373186
    },
    "ce_skew_shift": {
      "p02": -31.086107831562376,
      "p10": -12.625831008864987,
      "p25": -5.474704314482791,
      "p50": -1.2862859909467197,
      "p75": 2.429464106444657,
      "p90": 7.67842886207036,
      "p98": 22.716609492492072
    },
    "pe_skew_shift": {
      "p02": -34.09090909090909,
      "p10": -13.884324123237464,
      "p25": -6.485523917648366,
      "p50": -1.4506251324433157,
      "p75": 2.7647426497120904,
      "p90": 9.225236494229241,
      "p98": 26.422462987853404
    },
    "fii_cash_context": {
      "p02": -0.8154834999999999,
      "p10": -0.6721484999999999,
      "p25": -0.485957,
      "p50": -0.17285600000000004,
      "p75": 0.052577,
      "p90": 0.23970899999999998,
      "p98": 0.523855
    },
    "roc5_dii_net": {
      "p02": -234187.0,
      "p10": -170740.0,
      "p25": -103821.0,
      "p50": -21457.0,
      "p75": 45456.0,
      "p90": 140489.0,
      "p98": 479198.0
    },
    "roc5_usdinr": {
      "p02": -1.2450000000000045,
      "p10": -0.7822999999999922,
      "p25": -0.07750000000000057,
      "p50": 0.09499999999999886,
      "p75": 0.464500000000001,
      "p90": 0.7900000000000063,
      "p98": 1.355000000000004
    },
    "roc5_fii_ni_fut": {
      "p02": -5308.1,
      "p10": -2691.5799999999995,
      "p25": -1237.1499999999996,
      "p50": 62.039999999999964,
      "p75": 1337.7299999999987,
      "p90": 2455.8599999999997,
      "p98": 4657.259999999999
    }
  },
  "label_centroids": {
    "FII_BULL": {
      "ce_pe_imbalance": -0.11569873425543528,
      "strike_coverage": 1.0,
      "atm_build_rate": 0.59582404927021,
      "oi_add_intensity": 0.26774762138692504,
      "basis_momentum": 0.016537592771188967,
      "ce_skew_shift": -0.9910638231770297,
      "pe_skew_shift": -1.679150504255296,
      "fii_cash_context": -0.14579849999999997,
      "roc5_dii_net": 6597.0,
      "roc5_usdinr": 0.07000000000000739,
      "roc5_fii_ni_fut": -223.33000000000015
    },
    "FII_BEAR": {
      "ce_pe_imbalance": 0.11564725863574724,
      "strike_coverage": 1.0,
      "atm_build_rate": 0.5873966820118326,
      "oi_add_intensity": 0.2688071049315074,
      "basis_momentum": -0.015526157593868335,
      "ce_skew_shift": -1.2492632036797862,
      "pe_skew_shift": -0.8894555426219121,
      "fii_cash_context": -0.17285600000000004,
      "roc5_dii_net": -24335.0,
      "roc5_usdinr": 0.10000000000000853,
      "roc5_fii_ni_fut": 438.85
    },
    "DII_MIXED": {
      "ce_pe_imbalance": 0.0017473342153809409,
      "strike_coverage": 1.0,
      "atm_build_rate": 0.618747381799334,
      "oi_add_intensity": 0.2603572509874043,
      "basis_momentum": 0.0003973773097340395,
      "ce_skew_shift": -1.415137646912686,
      "pe_skew_shift": -1.544349933924203,
      "fii_cash_context": -0.18080549999999998,
      "roc5_dii_net": -27048.0,
      "roc5_usdinr": 0.09499999999999886,
      "roc5_fii_ni_fut": 103.52999999999997
    }
  },