{
  "feature_stats": {
    "ce_pe_imbalance": {
      "FII_BULL": {
        "median": -0.09877893856232252,
        "std": 0.5086487149834392
      },
      "FII_BEAR": {
        "median": 0.11850870076895831,
        "std": 0.4996767568966543
      },
      "DII_MIXED": {
        "median": 0.007207120878964293,
        "std": 0.5320772042061868
      }
    },
    "strike_coverage": {
      "FII_BULL": {
        "median": 1.0,
        "std": 0.005403197335978047
      },
      "FII_BEAR": {
        "median": 1.0,
        "std": 0.005262700842112875
      },
      "DII_MIXED": {
        "median": 1.0,
        "std": 0.06228751115140512
      }
    },
    "atm_build_rate": {
      "FII_BULL": {
        "median": 0.5845321076624137,
        "std": 0.11695004816150728
      },
      "FII_BEAR": {
        "median": 0.5690751407507574,
        "std": 0.1628960135547432
      },
      "DII_MIXED": {
        "median": 0.6135860806597478,
        "std": 0.1329339409211491
      }
    },
    "oi_add_intensity": {
      "FII_BULL": {
        "median": 0.26441027600395717,
        "std": 0.299870550827559
      },
      "FII_BEAR": {
        "median": 0.2826505303039523,
        "std": 0.3627932432032899
      },
      "DII_MIXED": {
        "median": 0.2631972795473209,
        "std": 0.39200721573470765
      }
    },
    "basis_momentum": {
      "FII_BULL": {
        "median": 0.016481225013695963,
        "std": 0.1140288845171848
      },
      "FII_BEAR": {
        "median": -0.01808213907788749,
        "std": 0.09724226068256607
      },
      "DII_MIXED": {
        "median": 0.0003833995689708968,
        "std": 0.08931069294081145
      }
    },
    "ce_skew_shift": {
      "FII_BULL": {
        "median": -1.1440436963698453,
        "std": 13.092444703134937
      },
      "FII_BEAR": {
        "median": -1.3516664837616779,
        "std": 12.015645152802552
      },
      "DII_MIXED": {
        "median": -1.4150562807800349,
        "std": 10.527420500544906
      }
    },
    "pe_skew_shift": {
      "FII_BULL": {
        "median": -1.7061987915576902,
        "std": 10.878235299697707
      },
      "FII_BEAR": {
        "median": -0.8105293552396486,
        "std": 20.472237002109686
      },
      "DII_MIXED": {
        "median": -1.5043667277665889,
        "std": 11.79444431773361
      }
    },
    "fii_cash_context": {
      "FII_BULL": {
        "median": -0.218585,
        "std": 0.5177103739881699
      },
      "FII_BEAR": {
        "median": -0.17285600000000004,
        "std": 0.49230841579082507
      },
      "DII_MIXED": {
        "median": -0.18080549999999998,
        "std": 0.40152877788584146
      }
    },
    "roc5_dii_net": {
      "FII_BULL": {
        "median": -2134.0,
        "std": 187097.04127813602
      },
      "FII_BEAR": {
        "median": -24335.0,
        "std": 163907.29138939932
      },
      "DII_MIXED": {
        "median": -23109.0,
        "std": 157070.75306080983
      }
    },
    "roc5_usdinr": {
      "FII_BULL": {
        "median": 0.10999999999999943,
        "std": 0.558417006845186
      },
      "FII_BEAR": {
        "median": 0.20000000000000284,
        "std": 0.5987144400360226
      },
      "DII_MIXED": {
        "median": 0.11249999999999716,
        "std": 0.6520053708432479
      }
    },
    "roc5_fii_ni_fut": {
      "FII_BULL": {
        "median": -223.33000000000015,
        "std": 2487.9676172694717
      },
      "FII_BEAR": {
        "median": 438.85,
        "std": 2142.610611273972
      },
      "DII_MIXED": {
        "median": -35.62000000000012,
        "std": 1912.4549737623677
      }
    }
  },
  "global_pct": {
    "ce_pe_imbalance": {
      "p02": -0.8864936391206687,
      "p10": -0.7150002618760802,
      "p25": -0.4269139919410866,
      "p50": 0.014802181566131004,
      "p75": 0.44489534387014096,
      "p90": 0.7249031898135994,
      "p98": 0.8970704852235686
    },
    "strike_coverage": {
      "p02": 0.975609756097561,
      "p10": 1.0,
      "p25": 1.0,
      "p50": 1.0,
      "p75": 1.0,
      "p90": 1.0,
      "p98": 1.0
    },
    "atm_build_rate": {
      "p02": 0.2434375480228559,
      "p10": 0.3881992053198279,
      "p25": 0.49427247056316265,
      "p50": 0.5934308001025966,
      "p75": 0.6772546600877193,
      "p90": 0.7443307408923455,
      "p98": 0.8209854452183487
    },
    "oi_add_intensity": {
      "p02": 0.08719604355454792,
      "p10": 0.12621956329678552,
      "p25": 0.17719693286807553,
      "p50": 0.2689229214624993,
      "p75": 0.4467282284434937,
      "p90": 0.7470537304611657,
      "p98": 1.30128358981483
    },
    "basis_momentum": {
      "p02": -0.22083350782110875,
      "p10": -0.11365863217269612,
      "p25": -0.05145556889388526,
      "p50": 0.0,
      "p75": 0.04837726649214138,
      "p90": 0.10432846337004148,
      "p98": 0.22113640826031494
    },
    "ce_skew_shift": {
      "p02": -31.818181818181817,
      "p10": -12.956062527239569,
      "p25": -5.712540964285651,
      "p50": -1.3512376381712004,
      "p75": 2.45143062384909,
      "p90": 7.952718424961909,
      "p98": 23.194158648277064
    },
    "pe_skew_shift": {
      "p02": -35.0,
      "p10": -14.2626260579423,
      "p25": -6.609836812420479,
      "p50": -1.4183543320281224,
      "p75": 2.9663815663345776,
      "p90": 9.723296824596762,
      "p98": 27.159106684728354
    },
    "fii_cash_context": {
      "p02": -1.5665105,
      "p10": -0.7952024999999999,
      "p25": -0.514399,
      "p50": -0.18080549999999998,
      "p75": 0.052577,
      "p90": 0.29544499999999996,
      "p98": 0.523855
    },
    "roc5_dii_net": {
      "p02": -310238.0,
      "p10": -191388.0,
      "p25": -126149.0,
      "p50": -22091.0,
      "p75": 55372.0,
      "p90": 188296.0,
      "p98": 479198.0
    },
    "roc5_usdinr": {
      "p02": -1.4819999999999993,
      "p10": -0.7822999999999922,
      "p25": -0.06500000000001194,
      "p50": 0.12999999999999545,
      "p75": 0.5475000000000136,
      "p90": 0.7998999999999938,
      "p98": 1.365000000000009
    },
    "roc5_fii_ni_fut": {
      "p02": -5308.1,
      "p10": -2818.92,
      "p25": -1293.1000000000004,
      "p50": -20.659999999999513,
      "p75": 1226.0699999999997,
      "p90": 2455.8599999999997,
      "p98": 4657.259999999999
    }
  },
  "label_centroids": {
    "FII_BULL": {
      "ce_pe_imbalance": -0.09877893856232252,
      "strike_coverage": 1.0,
      "atm_build_rate": 0.5845321076624137,
      "oi_add_intensity": 0.26441027600395717,
      "basis_momentum": 0.016481225013695963,
      "ce_skew_shift": -1.1440436963698453,
      "pe_skew_shift": -1.7061987915576902,
      "fii_cash_context": -0.218585,
      "roc5_dii_net": -2134.0,
      "roc5_usdinr": 0.10999999999999943,
      "roc5_fii_ni_fut": -223.33000000000015
    },
    "FII_BEAR": {
      "ce_pe_imbalance": 0.11850870076895831,
      "strike_coverage": 1.0,
      "atm_build_rate": 0.5690751407507574,
      "oi_add_intensity": 0.2826505303039523,
      "basis_momentum": -0.01808213907788749,
      "ce_skew_shift": -1.3516664837616779,
      "pe_skew_shift": -0.8105293552396486,
      "fii_cash_context": -0.17285600000000004,
      "roc5_dii_net": -24335.0,
      "roc5_usdinr": 0.20000000000000284,
      "roc5_fii_ni_fut": 438.85
    },
    "DII_MIXED": {
      "ce_pe_imbalance": 0.007207120878964293,
      "strike_coverage": 1.0,
      "atm_build_rate": 0.6135860806597478,
      "oi_add_intensity": 0.2631972795473209,
      "basis_momentum": 0.0003833995689708968,
      "ce_skew_shift": -1.4150562807800349,
      "pe_skew_shift": -1.5043667277665889,
      "fii_cash_context": -0.18080549999999998,
      "roc5_dii_net": -23109.0,
      "roc5_usdinr": 0.11249999999999716,
      "roc5_fii_ni_fut": -35.62000000000012
    }
  },