{
  "feature_stats": {
    "ce_pe_imbalance": {
      "FII_BULL": {
        "median": -0.00237721554672896,
        "std": 0.38533240709907246
      },
      "FII_BEAR": {
        "median": 0.08117505838758922,
        "std": 0.40890834152044225
      },
      "DII_MIXED": {
        "median": 0.0,
        "std": 0.42429401574209263
      }
    },
    "strike_coverage": {
      "FII_BULL": {
        "median": 1.0,
        "std": 0.3613101015648815
      },
      "FII_BEAR": {
        "median": 1.0,
        "std": 0.30761746815203034
      },
      "DII_MIXED": {
        "median": 1.0,
        "std": 0.3639813538421799
      }
    },
    "atm_build_rate": {
      "FII_BULL": {
        "median": 0.4840315487374311,
        "std": 0.2286408155121153
      },
      "FII_BEAR": {
        "median": 0.4565298276075902,
        "std": 0.21312250514677555
      },
      "DII_MIXED": {
        "median": 0.528537993321103,
        "std": 0.24029258980381776
      }
    },
    "oi_add_intensity": {
      "FII_BULL": {
        "median": 0.24197801637475425,
        "std": 0.31499730545634963
      },
      "FII_BEAR": {
        "median": 0.2825884754937881,
        "std": 0.3419598461644328
      },
      "DII_MIXED": {
        "median": 0.237932688284444,
        "std": 0.34886400940704404
      }
    },
    "basis_momentum": {
      "FII_BULL": {
        "median": 0.01828745627284089,
        "std": 0.13293064315493192
      },
      "FII_BEAR": {
        "median": -0.01926676208267578,
        "std": 0.12366370861197692
      },
      "DII_MIXED": {
        "median": 0.0,
        "std": 0.09814844002186572
      }
    },
    "ce_skew_shift": {
      "FII_BULL": {
        "median": 0.0,
        "std": 12.165341524403381
      },
      "FII_BEAR": {
        "median": -0.5515851220454355,
        "std": 10.462975927502209
      },
      "DII_MIXED": {
        "median": 0.0,
        "std": 8.440410701964772
      }
    },
    "pe_skew_shift": {
      "FII_BULL": {
        "median": -0.46753998039596045,
        "std": 8.954622984267537
      },
      "FII_BEAR": {
        "median": 0.0,
        "std": 14.28169776807347
      },
      "DII_MIXED": {
        "median": 0.0,
        "std": 8.847816369653986
      }
    },
    "fii_cash_context": {
      "FII_BULL": {
        "median": -0.505591,
        "std": 0.7602295042034406
      },
      "FII_BEAR": {
        "median": -0.2922085,
        "std": 0.7022637060089857
      },
      "DII_MIXED": {
        "median": -0.18080549999999998,
        "std": 0.450657200623969
      }
    }
  },
  "global_pct": {
    "ce_pe_imbalance": {
      "p02": -0.8169237920917459,
      "p10": -0.5679057455824621,
      "p25": -0.27340687291703747,
      "p50": 0.0,
      "p75": 0.2882980608081108,
      "p90": 0.5824820741046784,
      "p98": 0.824919634544932
    },
    "strike_coverage": {
      "p02": 0.0,
      "p10": 0.0,
      "p25": 0.9512195121951219,
      "p50": 1.0,
      "p75": 1.0,
      "p90": 1.0,
      "p98": 1.0
    },
    "atm_build_rate": {
      "p02": 0.0,
      "p10": 0.0,
      "p25": 0.32955022517365085,
      "p50": 0.4936112038063662,
      "p75": 0.6073757239907194,
      "p90": 0.692402448093751,
      "p98": 0.7868290231159429
    },
    "oi_add_intensity": {
      "p02": 0.05722637892391743,
      "p10": 0.0625,
      "p25": 0.11693565947537875,
      "p50": 0.2520973381621775,
      "p75": 0.43035131582362907,
      "p90": 0.6708247825806515,
      "p98": 1.1356676902807916
    },
    "basis_momentum": {
      "p02": -0.26765000590232657,
      "p10": -0.12967133254751298,
      "p25": -0.05679167961033533,
      "p50": 0.0003853831864818792,
      "p75": 0.05631698765983187,
      "p90": 0.12645829696029726,
      "p98": 0.2698531329815432
    },
    "ce_skew_shift": {
      "p02": -23.659335543231396,
      "p10": -9.084374457862582,
      "p25": -3.5948776194969714,
      "p50": 0.0,
      "p75": 1.8631193241434114,
      "p90": 6.28172583271327,
      "p98": 18.468584585410472
    },
    "pe_skew_shift": {
      "p02": -24.87216131277302,
      "p10": -9.115788928983449,
      "p25": -3.465589341586821,
      "p50": 0.0,
      "p75": 1.8326069048357412,
      "p90": 6.777404213666398,
      "p98": 20.46341794830558
    },
    "fii_cash_context": {
      "p02": -2.1344705000000004,
      "p10": -1.5665105,
      "p25": -0.723642,
      "p50": -0.26248399999999994,
      "p75": 0.024296,
      "p90": 0.2521095,
      "p98": 0.518234
    }
  },
  "label_centroids": {
    "FII_BULL": {
      "ce_pe_imbalance": -0.00237721554672896,
      "strike_coverage": 1.0,
      "atm_build_rate": 0.4840315487374311,
      "oi_add_intensity": 0.24197801637475425,
      "basis_momentum": 0.01828745627284089,
      "ce_skew_shift": 0.0,
      "pe_skew_shift": -0.46753998039596045,
      "fii_cash_context": -0.505591
    },
    "FII_BEAR": {
      "ce_pe_imbalance": 0.08117505838758922,
      "strike_coverage": 1.0,
      "atm_build_rate": 0.4565298276075902,
      "oi_add_intensity": 0.2825884754937881,
      "basis_momentum": -0.01926676208267578,
      "ce_skew_shift": -0.5515851220454355,
      "pe_skew_shift": 0.0,
      "fii_cash_context": -0.2922085
    },
    "DII_MIXED": {
      "ce_pe_imbalance": 0.0,
      "strike_coverage": 1.0,
      "atm_build_rate": 0.528537993321103,
      "oi_add_intensity": 0.237932688284444,
      "basis_momentum": 0.0,
      "ce_skew_shift": 0.0,
      "pe_skew_shift": 0.0,
      "fii_cash_context": -0.18080549999999998
    }
  },
  "feature_names": [
    "ce_pe_imbalance",
    "strike_coverage",
    "atm_build_rate",
    "oi_add_intensity",
    "basis_momentum",
    "ce_skew_shift",
    "pe_skew_shift",
    "fii_cash_context"
  ],