{
  "feature_stats": {
    "ce_pe_imbalance": {
      "FII_BULL": {
        "median": -0.11340558633856229,
        "std": 0.5079763305348156
      },
      "FII_BEAR": {
        "median": 0.11905781681221606,
        "std": 0.4989942196059884
      },
      "DII_MIXED": {
        "median": 0.007657021830127475,
        "std": 0.5312776701949656
      }
    },
    "strike_coverage": {
      "FII_BULL": {
        "median": 1.0,
        "std": 0.005586751218182772
      },
      "FII_BEAR": {
        "median": 1.0,
        "std": 0.005226665654065886
      },
      "DII_MIXED": {
        "median": 1.0,
        "std": 0.06071487336829641
      }
    },
    "atm_build_rate": {
      "FII_BULL": {
        "median": 0.5852518572062906,
        "std": 0.11604070743014129
      },
      "FII_BEAR": {
        "median": 0.565626537370786,
        "std": 0.16217862623892407
      },
      "DII_MIXED": {
        "median": 0.6136690830992084,
        "std": 0.13380491565720085
      }
    },
    "oi_add_intensity": {
      "FII_BULL": {
        "median": 0.2631630468739198,
        "std": 0.2962593350289131
      },
      "FII_BEAR": {
        "median": 0.2798552295413207,
        "std": 0.35993518733417695
      },
      "DII_MIXED": {
        "median": 0.26235615297593895,
        "std": 0.3896800244990831
      }
    },
    "basis_momentum": {
      "FII_BULL": {
        "median": 0.017086060476224272,
        "std": 0.11182589663711787
      },
      "FII_BEAR": {
        "median": -0.018110151155069316,
        "std": 0.09712844392403684
      },
      "DII_MIXED": {
        "median": 0.00038369967272855227,
        "std": 0.09030039251817353
      }
    },
    "ce_skew_shift": {
      "FII_BULL": {
        "median": -1.0631271111232414,
        "std": 12.825461375861689
      },
      "FII_BEAR": {
        "median": -1.374520940422928,
        "std": 11.929899353001133
      },
      "DII_MIXED": {
        "median": -1.4010146020673657,
        "std": 10.563129490767594
      }
    },
    "pe_skew_shift": {
      "FII_BULL": {
        "median": -1.674647361409173,
        "std": 10.72541916323989
      },
      "FII_BEAR": {
        "median": -0.7771442049640394,
        "std": 20.286074263354145
      },
      "DII_MIXED": {
        "median": -1.5037726133208296,
        "std": 13.885322723267214
      }
    },
    "fii_cash_context": {
      "FII_BULL": {
        "median": -0.23122050000000005,
        "std": 0.5366080637023408
      },
      "FII_BEAR": {
        "median": -0.17444150000000003,
        "std": 0.49750214885492366
      },
      "DII_MIXED": {
        "median": -0.18080549999999998,
        "std": 0.41607844315621356
      }
    }
  },
  "global_pct": {
    "ce_pe_imbalance": {
      "p02": -0.8861264971607057,
      "p10": -0.7161280229197609,
      "p25": -0.42827075034265316,
      "p50": 0.011323616641951997,
      "p75": 0.44326081208422785,
      "p90": 0.7234244303472603,
      "p98": 0.8972277901970555
    },
    "strike_coverage": {
      "p02": 0.975609756097561,
      "p10": 1.0,
      "p25": 1.0,
      "p50": 1.0,
      "p75": 1.0,
      "p90": 1.0,
      "p98": 1.0
    },
    "atm_build_rate": {
      "p02": 0.24508950509379226,
      "p10": 0.38816942961058737,
      "p25": 0.49387055160087795,
      "p50": 0.5928772387072554,
      "p75": 0.6770178044881722,
      "p90": 0.7443635005858967,
      "p98": 0.8207846660029919
    },
    "oi_add_intensity": {
      "p02": 0.08731880652689368,
      "p10": 0.12624435596654854,
      "p25": 0.17652358879301194,
      "p50": 0.26750962556694935,
      "p75": 0.44562536822090903,
      "p90": 0.7462670762771697,
      "p98": 1.3001986194378878
    },
    "basis_momentum": {
      "p02": -0.22067324212279515,
      "p10": -0.11335444053541949,
      "p25": -0.051359233744299605,
      "p50": 0.0,
      "p75": 0.048800066988681744,
      "p90": 0.1042153442571303,
      "p98": 0.2197654071929385
    },
    "ce_skew_shift": {
      "p02": -31.818181818181817,
      "p10": -12.853987081071097,
      "p25": -5.683316538426752,
      "p50": -1.3289559729009848,
      "p75": 2.467844220182843,
      "p90": 7.86567351114765,
      "p98": 23.080158732811093
    },
    "pe_skew_shift": {
      "p02": -35.07823669268761,
      "p10": -14.308317878690758,
      "p25": -6.670948997544665,
      "p50": -1.4070549974785558,
      "p75": 3.042465968175631,
      "p90": 9.835919405921144,
      "p98": 27.151031282582785
    },
    "fii_cash_context": {
      "p02": -1.5665105,
      "p10": -0.8541635000000001,
      "p25": -0.5694475,
      "p50": -0.20365399999999997,
      "p75": 0.03461699999999996,
      "p90": 0.2802325,
      "p98": 0.523855
    }
  },
  "label_centroids": {
    "FII_BULL": {
      "ce_pe_imbalance": -0.11340558633856229,
      "strike_coverage": 1.0,
      "atm_build_rate": 0.5852518572062906,
      "oi_add_intensity": 0.2631630468739198,
      "basis_momentum": 0.017086060476224272,
      "ce_skew_shift": -1.0631271111232414,
      "pe_skew_shift": -1.674647361409173,
      "fii_cash_context": -0.23122050000000005
    },
    "FII_BEAR": {
      "ce_pe_imbalance": 0.11905781681221606,
      "strike_coverage": 1.0,
      "atm_build_rate": 0.565626537370786,
      "oi_add_intensity": 0.2798552295413207,
      "basis_momentum": -0.018110151155069316,
      "ce_skew_shift": -1.374520940422928,
      "pe_skew_shift": -0.7771442049640394,
      "fii_cash_context": -0.17444150000000003
    },
    "DII_MIXED": {
      "ce_pe_imbalance": 0.007657021830127475,
      "strike_coverage": 1.0,
      "atm_build_rate": 0.6136690830992084,
      "oi_add_intensity": 0.26235615297593895,
      "basis_momentum": 0.00038369967272855227,
      "ce_skew_shift": -1.4010146020673657,
      "pe_skew_shift": -1.5037726133208296,
      "fii_cash_context": -0.18080549999999998
    }
  },
  "feature_names": [
    "ce_pe_imbalance",
    "strike_coverage",
    "atm_build_rate",
    "oi_add_intensity",
    "basis_momentum",
    "ce_skew_shift",
    "pe_skew_shift",
    "fii_cash_context"
  ],