{
  "feature_stats": {
    "ce_pe_imbalance": {
      "FII_BULL": {
        "median": 0.0,
        "std": 0.4102166437861626
      },
      "FII_BEAR": {
        "median": 0.0,
        "std": 0.43991177120215436
      },
      "DII_MIXED": {
        "median": 0.0,
        "std": 0.4421969081170197
      }
    },
    "strike_coverage": {
      "FII_BULL": {
        "median": 1.0,
        "std": 0.4687854557730055
      },
      "FII_BEAR": {
        "median": 1.0,
        "std": 0.4089516684245959
      },
      "DII_MIXED": {
        "median": 1.0,
        "std": 0.46337147510931176
      }
    },
    "atm_build_rate": {
      "FII_BULL": {
        "median": 0.49540367873603264,
        "std": 0.2884518146672377
      },
      "FII_BEAR": {
        "median": 0.5047837261172561,
        "std": 0.26465826900617834
      },
      "DII_MIXED": {
        "median": 0.541999333091221,
        "std": 0.2995471779516805
      }
    },
    "oi_add_intensity": {
      "FII_BULL": {
        "median": 0.18170363330536654,
        "std": 0.25880928858654445
      },
      "FII_BEAR": {
        "median": 0.21428619782216302,
        "std": 0.3403182096971586
      },
      "DII_MIXED": {
        "median": 0.1754894139022563,
        "std": 0.3488932356721285
      }
    },
    "basis_momentum": {
      "FII_BULL": {
        "median": 0.01905132192772528,
        "std": 0.12372716653180992
      },
      "FII_BEAR": {
        "median": -0.019492437475314817,
        "std": 0.10914710747610741
      },
      "DII_MIXED": {
        "median": 0.0,
        "std": 0.09768309869960204
      }
    },
    "ce_skew_shift": {
      "FII_BULL": {
        "median": 0.0,
        "std": 15.175379140967621
      },
      "FII_BEAR": {
        "median": 0.0,
        "std": 12.151994908112737
      },
      "DII_MIXED": {
        "median": 0.0,
        "std": 8.775273454275863
      }
    },
    "pe_skew_shift": {
      "FII_BULL": {
        "median": 0.0,
        "std": 10.67985247170649
      },
      "FII_BEAR": {
        "median": 0.0,
        "std": 16.774793393853958
      },
      "DII_MIXED": {
        "median": 0.0,
        "std": 9.297892773173764
      }
    },
    "fii_cash_context": {
      "FII_BULL": {
        "median": -0.427204,
        "std": 0.7703963413527452
      },
      "FII_BEAR": {
        "median": -0.195919,
        "std": 0.6883847257028399
      },
      "DII_MIXED": {
        "median": -0.21729049999999997,
        "std": 0.4843118922224491
      }
    }
  },
  "global_pct": {
    "ce_pe_imbalance": {
      "p02": -0.8593519717582395,
      "p10": -0.6310462645962235,
      "p25": -0.22837676036262045,
      "p50": 0.0,
      "p75": 0.25896926773554974,
      "p90": 0.6435173052542655,
      "p98": 0.8690270481164507
    },
    "strike_coverage": {
      "p02": 0.0,
      "p10": 0.0,
      "p25": 0.0,
      "p50": 1.0,
      "p75": 1.0,
      "p90": 1.0,
      "p98": 1.0
    },
    "atm_build_rate": {
      "p02": 0.0,
      "p10": 0.0,
      "p25": 0.0,
      "p50": 0.5162626196621688,
      "p75": 0.6437827590052414,
      "p90": 0.7233090364928908,
      "p98": 0.8069290024525273
    },
    "oi_add_intensity": {
      "p02": 0.0625,
      "p10": 0.0625,
      "p25": 0.0625,
      "p50": 0.18831379824706132,
      "p75": 0.3420735470679765,
      "p90": 0.6108815932934192,
      "p98": 1.1316578546668827
    },
    "basis_momentum": {
      "p02": -0.2494343014922648,
      "p10": -0.12497716051016569,
      "p25": -0.055264426560826294,
      "p50": 0.0003781004234526762,
      "p75": 0.05441119315762102,
      "p90": 0.11847619755746923,
      "p98": 0.2504155731991844
    },
    "ce_skew_shift": {
      "p02": -28.618542103568842,
      "p10": -10.910520543583711,
      "p25": -3.874620361447428,
      "p50": 0.0,
      "p75": 0.8131578134896474,
      "p90": 6.060640208696125,
      "p98": 20.345164742465425
    },
    "pe_skew_shift": {
      "p02": -29.711925046961802,
      "p10": -11.577611145673986,
      "p25": -4.1528789436556774,
      "p50": 0.0,
      "p75": 1.0752266525192071,
      "p90": 7.364204190717917,
      "p98": 23.179836324859608
    },
    "fii_cash_context": {
      "p02": -2.1344705000000004,
      "p10": -1.5665105,
      "p25": -0.7271295,
      "p50": -0.26248399999999994,
      "p75": 0.024296,
      "p90": 0.2521095,
      "p98": 0.518234
    }
  },
  "label_centroids": {
    "FII_BULL": {
      "ce_pe_imbalance": 0.0,
      "strike_coverage": 1.0,
      "atm_build_rate": 0.49540367873603264,
      "oi_add_intensity": 0.18170363330536654,
      "basis_momentum": 0.01905132192772528,
      "ce_skew_shift": 0.0,
      "pe_skew_shift": 0.0,
      "fii_cash_context": -0.427204
    },
    "FII_BEAR": {
      "ce_pe_imbalance": 0.0,
      "strike_coverage": 1.0,
      "atm_build_rate": 0.5047837261172561,
      "oi_add_intensity": 0.21428619782216302,
      "basis_momentum": -0.019492437475314817,
      "ce_skew_shift": 0.0,
      "pe_skew_shift": 0.0,
      "fii_cash_context": -0.195919
    },
    "DII_MIXED": {
      "ce_pe_imbalance": 0.0,
      "strike_coverage": 1.0,
      "atm_build_rate": 0.541999333091221,
      "oi_add_intensity": 0.1754894139022563,
      "basis_momentum": 0.0,
      "ce_skew_shift": 0.0,
      "pe_skew_shift": 0.0,
      "fii_cash_context": -0.21729049999999997
    }
  },
  "feature_names": [
    "ce_pe_imbalance",
    "strike_coverage",
    "atm_build_rate",
    "oi_add_intensity",
    "basis_momentum",
    "ce_skew_shift",
    "pe_skew_shift",
    "fii_cash_context"
  ],