{
  "feature_stats": {
    "ce_pe_imbalance": {
      "FII_BULL": {
        "median": -0.12410986775178026,
        "std": 0.357958493370843
      },
      "FII_BEAR": {
        "median": 0.1862348178137652,
        "std": 0.3708768183770019
      },
      "DII_MIXED": {
        "median": -0.0005228903742755613,
        "std": 0.4043194614485889
      }
    },
    "strike_coverage": {
      "FII_BULL": {
        "median": 0.975609756097561,
        "std": 0.09110027130392333
      },
      "FII_BEAR": {
        "median": 1.0,
        "std": 0.0441678569220829
      },
      "DII_MIXED": {
        "median": 0.975609756097561,
        "std": 0.057274200124958596
      }
    },
    "atm_build_rate": {
      "FII_BULL": {
        "median": 0.4780058651026393,
        "std": 0.1429644429837518
      },
      "FII_BEAR": {
        "median": 0.4271310724106325,
        "std": 0.14180390823023095
      },
      "DII_MIXED": {
        "median": 0.5203193399283192,
        "std": 0.1393726984588219
      }
    },
    "oi_add_intensity": {
      "FII_BULL": {
        "median": 0.3027158670802702,
        "std": 0.3511212212319489
      },
      "FII_BEAR": {
        "median": 0.34697420045178934,
        "std": 0.33642120954887955
      },
      "DII_MIXED": {
        "median": 0.3179740838972633,
        "std": 0.34077882977744334
      }
    },
    "basis_momentum": {
      "FII_BULL": {
        "median": 0.017465723517291663,
        "std": 0.14090059583535908
      },
      "FII_BEAR": {
        "median": -0.018923360390107103,
        "std": 0.1369277099387326
      },
      "DII_MIXED": {
        "median": 0.0,
        "std": 0.09864188584744327
      }
    },
    "ce_skew_shift": {
      "FII_BULL": {
        "median": 0.5391515969231944,
        "std": 8.398850372128328
      },
      "FII_BEAR": {
        "median": -1.1094309505836066,
        "std": 8.382175917175953
      },
      "DII_MIXED": {
        "median": -0.4709494983189273,
        "std": 8.061806215761429
      }
    },
    "pe_skew_shift": {
      "FII_BULL": {
        "median": -0.9980297736152466,
        "std": 6.9492637327835896
      },
      "FII_BEAR": {
        "median": 0.642501277997276,
        "std": 11.125061220239647
      },
      "DII_MIXED": {
        "median": -0.30568807329290415,
        "std": 8.334461870003373
      }
    },
    "fii_cash_context": {
      "FII_BULL": {
        "median": -0.505591,
        "std": 0.750472698301279
      },
      "FII_BEAR": {
        "median": -0.3554575,
        "std": 0.7073484476752381
      },
      "DII_MIXED": {
        "median": -0.14322849999999998,
        "std": 0.4017510061699243
      }
    }
  },
  "global_pct": {
    "ce_pe_imbalance": {
      "p02": -0.7269976865499254,
      "p10": -0.5220149033095369,
      "p25": -0.2980423906165095,
      "p50": 0.002418937704217856,
      "p75": 0.30452107351278285,
      "p90": 0.5362095843116753,
      "p98": 0.7448972588557696
    },
    "strike_coverage": {
      "p02": 0.7804878048780488,
      "p10": 0.926829268292683,
      "p25": 0.975609756097561,
      "p50": 1.0,
      "p75": 1.0,
      "p90": 1.0,
      "p98": 1.0
    },
    "atm_build_rate": {
      "p02": 0.1480849860723339,
      "p10": 0.26877717701396237,
      "p25": 0.3750064713191137,
      "p50": 0.4803804994054697,
      "p75": 0.5730566514862381,
      "p90": 0.6462239001789792,
      "p98": 0.7405934562864358
    },
    "oi_add_intensity": {
      "p02": 0.047892451820921875,
      "p10": 0.08497620105745049,
      "p25": 0.18107227521543734,
      "p50": 0.32162675480675396,
      "p75": 0.48880116663558915,
      "p90": 0.7099637390007107,
      "p98": 1.1411963595966388
    },
    "basis_momentum": {
      "p02": -0.28752264921060505,
      "p10": -0.13469267817810351,
      "p25": -0.05819903709333775,
      "p50": 0.0006758048539777672,
      "p75": 0.05844724158340778,
      "p90": 0.1355767805497578,
      "p98": 0.2864030378685343
    },
    "ce_skew_shift": {
      "p02": -17.758256581772937,
      "p10": -7.588854348833652,
      "p25": -3.397282814459026,
      "p50": -0.32721067203859794,
      "p75": 2.4765221687349306,
      "p90": 6.405161781098186,
      "p98": 16.908238574457375
    },
    "pe_skew_shift": {
      "p02": -18.812569142081514,
      "p10": -6.990334108157226,
      "p25": -3.0929432322724395,
      "p50": -0.4126747948593872,
      "p75": 2.2547231508723025,
      "p90": 6.353218702416237,
      "p98": 17.452658862668482
    },
    "fii_cash_context": {
      "p02": -2.1344705000000004,
      "p10": -1.5665105,
      "p25": -0.723642,
      "p50": -0.23122050000000005,
      "p75": 0.024296,
      "p90": 0.2521095,
      "p98": 0.518234
    }
  },
  "label_centroids": {
    "FII_BULL": {
      "ce_pe_imbalance": -0.12410986775178026,
      "strike_coverage": 0.975609756097561,
      "atm_build_rate": 0.4780058651026393,
      "oi_add_intensity": 0.3027158670802702,
      "basis_momentum": 0.017465723517291663,
      "ce_skew_shift": 0.5391515969231944,
      "pe_skew_shift": -0.9980297736152466,
      "fii_cash_context": -0.505591
    },
    "FII_BEAR": {
      "ce_pe_imbalance": 0.1862348178137652,
      "strike_coverage": 1.0,
      "atm_build_rate": 0.4271310724106325,
      "oi_add_intensity": 0.34697420045178934,
      "basis_momentum": -0.018923360390107103,
      "ce_skew_shift": -1.1094309505836066,
      "pe_skew_shift": 0.642501277997276,
      "fii_cash_context": -0.3554575
    },
    "DII_MIXED": {
      "ce_pe_imbalance": -0.0005228903742755613,
      "strike_coverage": 0.975609756097561,
      "atm_build_rate": 0.5203193399283192,
      "oi_add_intensity": 0.3179740838972633,
      "basis_momentum": 0.0,
      "ce_skew_shift": -0.4709494983189273,
      "pe_skew_shift": -0.30568807329290415,
      "fii_cash_context": -0.14322849999999998
    }
  },
  "feature_names": [
    "ce_pe_imbalance",
    "strike_coverage",
    "atm_build_rate",
    "oi_add_intensity",
    "basis_momentum",
    "ce_skew_shift",
    "pe_skew_shift",
    "fii_cash_context"
  ],